{"cameraMode":{"drawMode":0,"name":"Shaded","section":"Shading Mode"},"sceneLighting":false,"audioPlay":false,"sceneViewState":{"showFog":true,"showMaterialUpdate":true,"showSkybox":true,"showFlares":true,"showImageEffects":true,"showParticleSystems":true},"in2DMode":false,"pivot":{"x":34.70635223388672,"y":10.617488861083985,"z":-10.116462707519532},"rotation":{"x":-0.12190273404121399,"y":0.8556272983551025,"z":-0.23432540893554688,"w":-0.4451216459274292},"size":10.0,"orthographic":false}