{"cameraMode":{"drawMode":0,"name":"Shaded","section":"Shading Mode"},"sceneLighting":false,"audioPlay":false,"sceneViewState":{"showFog":true,"showMaterialUpdate":true,"showSkybox":true,"showFlares":true,"showImageEffects":true,"showParticleSystems":true},"in2DMode":false,"pivot":{"x":-11.410042762756348,"y":10.287384986877442,"z":-0.14852048456668855},"rotation":{"x":0.24056226015090943,"y":0.6644094586372376,"z":-0.24013082683086396,"w":0.6656120419502258},"size":2.8578836917877199,"orthographic":false}