{"cameraMode":{"drawMode":0,"name":"Shaded","section":"Shading Mode"},"sceneLighting":false,"audioPlay":false,"sceneViewState":{"showFog":true,"showMaterialUpdate":true,"showSkybox":true,"showFlares":true,"showImageEffects":true,"showParticleSystems":true},"in2DMode":false,"pivot":{"x":10.522950172424317,"y":9.311853408813477,"z":-0.3039124310016632},"rotation":{"x":0.24196584522724152,"y":-0.6699054837226868,"z":0.24668081104755402,"w":0.6571613550186157},"size":0.6000438332557678,"orthographic":false}