{"cameraMode":{"drawMode":0,"name":"Shaded","section":"Shading Mode"},"sceneLighting":false,"audioPlay":false,"sceneViewState":{"showFog":true,"showMaterialUpdate":true,"showSkybox":true,"showFlares":true,"showImageEffects":true,"showParticleSystems":true},"in2DMode":false,"pivot":{"x":-9.434769630432129,"y":16.962299346923829,"z":3.8737778663635256},"rotation":{"x":0.24586133658885957,"y":0.6519670486450195,"z":-0.23674024641513825,"w":0.6770949363708496},"size":2.8578836917877199,"orthographic":false}